따앗쥐31,131,188,220,91,107,32,106,170,102,33,93,150,17,105,115,84,89,113,103,177
가쥐25,149,148,202,201,102,89,110,103,150,107,87,114,105,115,40,111,113,72,59,188
땃쥐28,188,131,220,91,96,84,60,92,30,119,69,149,56,171,27,65,18,37,66,118
밭쥐24,202,201,219,149,181,102,131,179,188,91,220,65,66,171,106,169,109,44,107,69
바쥐27,171,183,131,27,91,65,188,215,190,96,220,202,201,155,153,119,122,17,163,66
나쥐26,65,91,131,219,101,66,20,215,190,27,60,179,183,100,21,121,86,153,17,181
맷쥐23,188,220,202,201,91,65,131,119,171,96,183,27,66,34,60,84,92,149,126,93
닷쥐22,219,181,18,108,179,60,33,102,92,69,129,107,84,106,139,42,93,115,66,30
땃쥐20,82,131,219,152,91,133,179,65,37,17,60,18,19,33,27,188,130,94,119,53
비트1234,202,201,188,220,126,149,177,171,109,113,150,102,106,107,124,114,193,38,183,194
닷쥐21,219,171,179,183,149,188,91,202,220,69,201,181,100,30,96,102,127,101,131,153
땟쥐30,131,170,91,86,101,113,152,93,100,183,10,188,169,220,102,85,17,107,149,8
asdf22,171,183,127,93,102,84,165,109,121,163,81,153,98,219,132,170,181,139,126,182
워커20,107,19,106,139,108,86,153,152,102,69,33,103,71,60,18,101,109,40,150,76
베로니카,202,201,149,188,220,177,41,112,113,193,123,194,37,129,126,150,191,101,114,100
땃쥐17,137,34,65,122,27,91,76,148,171,131,115,155,202,20,201,67,184,152,89,102
워커12,65,18,152,42,171,219,84,183,181,60,27,93,30,91,82,179,108,69,94,20
워커17,153,91,152,84,100,65,219,60,133,17,202,101,82,201,139,131,66,119,34,99
워커19,188,22,220,42,183,93,171,98,65,184,202,165,201,111,140,103,129,96,27,53
asdf25,148,84,60,219,153,179,56,100,57,163,96,58,129,181,152,167,30,76,37,16
워커13,171,188,220,183,109,202,93,126,201,102,153,107,132,177,65,106,170,165,97,127
asdf27,169,45,18,219,53,179,5,144,100,181,129,35,130,6,86,151,205,77,30,69
유저09,93,22,70,149,152,100,139,91,153,10,86,17,108,61,111,155,58,129,34,103
asdf24,152,170,91,42,131,56,101,138,103,139,164,57,60,180,106,93,102,183,25,105
워커14,93,94,60,177,167,188,220,37,170,40,180,140,84,123,33,30,19,24,166,103
워커2,91,202,201,149,65,131,171,152,137,34,170,27,122,20,183,93,66,188,112,220
워커8,149,140,202,201,177,93,152,19,60,32,84,86,188,102,113,220,17,139,94,59
유저07,130,53,35,42,6,45,18,169,54,219,32,170,5,82,131,151,222,144,74,64
워커10,170,131,171,185,183,91,136,122,30,137,129,65,81,155,40,152,66,119,27,60
워커16,188,220,126,131,91,119,84,93,96,31,62,111,170,47,16,123,110,102,42,202
워커18,131,60,65,91,105,150,84,76,113,93,152,170,188,220,89,82,103,183,149,140
워커15,131,170,65,91,24,93,73,180,47,33,94,132,133,62,27,183,118,84,20,14
워커4,140,60,95,130,160,32,18,107,91,19,192,42,34,89,81,106,103,29,56,102
워커7,65,66,131,91,202,74,44,201,21,121,219,27,20,185,17,119,64,68,34,97
워커9,170,131,91,93,113,101,152,149,129,202,84,201,219,183,100,119,171,118,60,188
asdf20,152,93,170,60,101,100,103,139,108,129,140,107,56,42,10,18,113,219,149,91
워커6,188,220,96,131,91,126,111,100,93,129,101,171,183,170,123,149,202,201,165,16
워커11,100,219,129,46,41,101,179,151,152,133,121,91,53,122,99,22,119,131,17,185
워커5,101,183,65,131,153,58,91,202,148,201,113,184,105,150,163,100,170,182,147,137
워커1,42,131,91,18,188,111,220,17,146,143,96,119,138,158,10,32,110,50,125,142
유저10,140,188,220,202,42,201,180,106,115,130,110,103,161,162,32,89,105,123,177,107
asdf26,65,121,60,84,91,131,66,215,17,190,219,181,188,220,94,122,93,160,56,152
user15,188,220,107,110,103,19,18,111,89,106,69,102,140,177,33,210,212,211,217,216
asdf08,140,160,188,220,93,84,32,161,81,162,95,56,60,126,171,123,101,19,57,182
워커3,170,60,93,84,129,57,101,91,25,98,138,73,219,47,165,40,16,42,103,18
asdf17,65,60,171,56,140,84,20,81,27,34,91,108,139,160,95,21,66,202,201,71
asdf18,84,171,135,163,183,73,81,93,126,188,121,220,152,104,57,83,165,82,60,138
asdf19,152,181,86,219,149,82,6,179,17,139,69,36,169,19,70,74,155,18,32,140
클래식,185,121,10,22,17,65,215,190,66,182,165,74,50,27,181,21,139,53,163,20
asdf16,202,188,60,220,201,40,177,167,140,98,93,123,37,103,166,149,84,30,129,71
user13,188,220,202,201,149,41,100,177,123,101,129,112,191,37,96,126,113,99,111,193
asdf07,133,91,167,82,93,137,38,126,122,73,8,41,152,37,123,76,153,34,166,104
asdf13,65,171,183,20,81,137,27,21,187,215,184,190,91,170,131,34,67,97,163,165
asdf2,65,84,170,132,62,73,47,171,44,91,67,165,34,163,184,63,97,13,27,202
asdf21,60,149,152,148,108,56,84,40,219,82,70,139,153,181,2,103,71,202,58,57
asdf1,132,163,184,33,27,122,153,74,65,17,34,171,91,44,215,190,183,84,102,66
asdf14,202,201,101,113,188,149,220,41,170,219,150,131,37,179,60,105,147,177,8,100
asdf15,188,220,18,53,107,69,150,102,106,42,151,45,30,110,115,111,108,180,19,89
asdf05,111,110,103,115,107,91,102,93,150,146,89,72,58,42,18,131,61,88,113,87
asdf12,94,84,170,93,167,118,47,219,13,62,60,6,179,36,24,33,37,166,44,63
asdf23,152,91,76,137,58,153,148,70,34,72,89,93,122,155,86,100,103,108,81,115
asdf04,60,131,170,91,84,129,56,65,108,18,29,30,139,219,66,111,95,149,47,40
asdf06,171,109,106,107,19,115,11,127,180,89,102,150,110,33,183,69,103,188,220,57
asdf09,106,107,102,109,171,105,89,60,25,71,103,150,108,110,40,57,18,115,132,153
asdf11,53,33,219,121,179,17,101,19,86,188,220,181,6,79,151,120,122,36,84,94
asdf3,107,19,103,89,106,140,102,18,131,110,105,150,91,95,42,76,69,141,188,29
user11,53,100,18,69,107,171,129,45,188,220,111,151,30,102,139,106,219,170,115,42
user14,84,202,201,171,60,65,181,91,219,170,149,93,121,102,94,47,179,163,81,122
